32.25,18.312,11.25,4.125,4.3125,12.25,18.938,17,64,30.562,20.438,11.75,11.438,11,15.5,37.875,49.312,42.875,34.125,24.875,38.062,11.375,10.688,19.812,46.5,44.25,22.062,11.438,23.562,23.938,11.312,15.938,39.312,17.75,11.125,8,9.9375,10.062,19,16.688,94.938,28.688,14.938,12,14.125,7.4375,26.438,45.562,102.62,57.75,18.562,18.938,49.125,13.062,13.5,33.188,49.438,42.125,32.25,21.812,46.188,22.125,11.625,15.5,42,23.625,15.375,14.438,10.875,5.875,4.0625,12.562,98.938,33.562,15.938,17.25,19.5,5.375,6.6875,28.438,100.31,31.625,13.875,16.375,56.938,14.312,12.562,48.125,41.125,17.688,22.75,20.188,42.688,25.25,22.125,34.625,20,11.562,8,14.75,19.312,5.75,3.0625,7.25,63.188,16.188,8.6875,6.75,18,4.3125,9.75,28.938,45.75,14.688,3.625,17.125,57.75,12.812,14.5,35.188,18.5,4.1875,5,10.125,29.688,14.5,23.188,25.25,0.47607,0.10986,0.41504,1.2451,5.1392,9.4971,5.6641,5.957,6.2866,5.0537,6.3232,2.6733,0.14648,0.048828,0.036621,0,0.13428,0.012207,0.012207,0.024414,0.012207,0.30518,0,0.024414,0.061035,0.024414,0.012207,0.15869,0.048828,0.073242,0,0.024414,1
32.444,10.889,4.7778,2.7778,2.5556,6.7778,26.444,47,58.444,30,11.444,3.6667,2.6667,10.667,45.778,50.333,72.556,47.222,18.667,5.4444,5.1111,18.333,43.222,62.444,41.111,29.222,23.889,3.3333,19,27.111,19.333,36.778,42.778,27.667,18.556,5.2222,4.8889,3.5556,10.889,27.667,90.556,38.667,17.778,8.1111,4.5556,14.444,21,64.556,104.22,48.222,17.556,18,10.889,18.889,20.333,71.667,78.778,44.333,20.889,25.444,17.556,21,14.444,34.222,26.778,41.556,39.778,5.5556,3,4.7778,4.4444,16.333,68.556,48.444,36.556,20.667,7,14.444,11.222,38.444,107.89,62.444,12.778,10.444,2.2222,17.889,30.889,55.444,67.111,32.222,8.5556,15,7.5556,16.889,34.222,44.444,9.8889,16.889,19.778,8.3333,3.5556,7.7778,4.4444,6.6667,21.556,34.333,16.667,5.4444,14.222,17.667,20.444,22.333,54.556,32.889,14.667,13.444,12.778,12.444,29.222,42.333,40.444,18.444,8.6667,2.8889,7.4444,25.556,27.778,21,0.061035,0,0.012207,0.024414,0,0.061035,0.024414,0.073242,0.21973,0.26855,0.64697,0.79346,0.89111,1.2695,2.063,3.4546,8.9233,9.4849,6.7627,3.8696,4.5532,2.5879,1.6602,1.001,0.54932,0.46387,0.20752,0.048828,0.012207,0,0,0.012207,1
11.312,13.75,4.5625,6.625,4.0625,2.5625,10.188,7.6875,43.562,36.625,28.188,9.5625,6.25,3,9.4375,17.625,58.062,55.875,44.5,14.625,9.875,5.5,10.125,22.562,25.5,29.625,43.375,37.25,16.5,12.625,6.5625,22.875,41,16.688,3.8125,1.1875,1.5,4.5625,11.75,16.125,101.56,58.812,28.125,13.75,11.25,8.8125,8.0625,38.125,76.688,72.188,61.938,31.312,22.688,15.688,12.25,39.125,25.812,30.125,48.188,37.625,36.312,34.688,18.688,22.312,51,21,7.9375,2.8125,3.25,4.375,3.5625,15.125,99.312,44,15.312,14.688,10.375,12.812,24.375,57.625,79.875,38.938,19.625,13.562,27.375,38.5,59.938,61.5,28.938,20.812,22.5,19.938,42.25,56.375,36.688,24.062,35.688,11.312,2.125,1.625,2.6875,1.75,8.9375,24.625,49.812,27.25,13.312,7.5625,11.25,4.1875,23.75,49.562,44.062,26.75,15.562,12.75,16.375,10.938,38.75,46,21.438,15.688,15.312,11.188,17.438,27,24.562,25.625,0.012207,0,0,0,0,0,0,0.14648,0.93994,2.1973,3.6743,4.5898,15.344,12.146,2.6489,3.2837,1.5747,0.48828,0.65918,0.5127,0.28076,0.37842,0.3418,0.048828,0.15869,0.18311,0.073242,0.097656,0.073242,0.048828,0.048828,0.048828,1
4.0909,2.3636,2.2727,10.091,36.909,46.364,42.818,19,56.727,8.2727,0.90909,2.8182,12.909,37.091,52.273,35.182,83.182,41.818,4.4545,2.6364,20.455,12.273,12.364,33.909,23.364,29.182,5.6364,5.7273,30.091,11,0.72727,2.9091,8.9091,5.1818,13.455,16.636,35.545,47.727,47.091,16.545,105.27,21.455,15.727,24.818,19.091,31.455,28.636,44.182,118.09,46,5.0909,10.909,36.364,20.909,6,48.909,38.364,22.273,5.0909,10,55.091,15.545,1,5.5455,21.545,6.0909,10.727,6.2727,20.727,35.273,22.455,21.182,88.091,38.364,31.273,19,9.4545,17.545,14.091,30.636,120.27,50,12.182,14.091,34.364,17.727,8.5455,44.818,30.545,7.8182,0.90909,13.545,43.818,15.091,7.7273,13.545,13.364,13.182,18.273,3.7273,9.6364,9.6364,11.364,12.182,47.364,22.727,20.273,2.2727,1.8182,6.4545,17.818,27,59.545,13.091,5.6364,10.091,16.273,5.3636,9.2727,48.455,20.545,10.545,1.5455,11.091,20.909,6,5.6364,17.091,1.1475,5.896,5.9326,2.0264,0.76904,1.8921,2.417,2.6611,1.709,1.2085,1.7334,1.3794,1.9531,2.0508,2.0874,3.0518,3.6743,7.0557,1.1841,0.085449,0.061035,0,0.012207,0,0,0,0,0,0,0,0,0.012207,1
30.2,29.6,12.6,6.6,15.7,15.7,6.9,17.6,54.6,46,30.3,20.6,17.2,18.2,6.2,31.5,64.2,50.8,40.7,18.7,12.8,7.6,2.9,29.1,55.2,49,19,10.6,14.8,6.5,2.5,20.1,42.5,30.7,18.9,23.1,33.9,19.4,6.6,15.3,93.5,52.9,14.8,23.3,25.3,12.2,7.4,31.3,99.3,66.5,42,21.9,13.1,7.9,7,37,72.7,78.3,33.3,19.4,14.6,9.1,3.9,26.3,40.5,29.4,14.6,26,25.7,14.9,6.1,17,84.3,34.7,21.3,36.3,19.2,13.7,13.3,51.2,89.8,46.9,32.2,15.4,10.1,15.6,28.5,59.7,64.9,50.4,15.3,6.6,11.6,13.3,12.9,48,23.5,15.1,9.5,12.7,11,11.6,16.7,18.4,52.9,29.9,15.6,16.5,8.1,12,20.4,37.8,47.1,25.7,29,13.9,9.1,6.4,16.3,41.4,39.6,20,10.3,5.1,6.2,5.5,10.3,50.2,0.012207,0,0,0,0,0,0,0,0,0.012207,2.8809,1.9287,6.543,4.0771,9.79,9.8755,3.4302,5.3833,1.6235,2.9053,0.87891,0.5127,0.073242,0.036621,0.024414,0,0,0,0,0,0,0.012207,1
15.059,16.882,7.4706,14.706,36.412,28.588,11.882,7.5882,29.529,17.824,9.6471,15.412,30,27.471,34.941,29.176,57.647,33.529,12.706,22.412,18.235,24,29.588,46.294,23.235,18.941,18.588,22.118,13.647,26.059,23.882,17.765,18.647,13.824,10.176,18.176,33.294,38.471,28.941,13.235,68,19.353,10.765,29.824,53.706,42.412,37.235,37.706,100,39.235,15.176,34.176,31.588,21.353,19.882,57.412,31.529,26.941,20.353,19.294,20,23.353,19.529,17.059,28.412,23.471,21.059,27.235,28.941,21.765,17.882,24.882,70.706,31.588,31.294,45.588,55.176,24.529,13.882,32.059,98.176,50.059,31.941,37.706,27.118,21.353,11.824,37.529,24.176,24.353,28.706,30.176,23.941,17.235,8.6471,12.353,23.588,22.647,20.412,24.118,31.706,17.647,15.765,22.824,34.588,28.588,35.824,25.529,26.059,21.824,25.235,24.647,53,39.176,32.471,29.882,8.5882,11.294,20.941,31.647,20.647,17.765,25.294,17.941,14.765,16.471,14.529,13.647,0.024414,0,0,0.024414,0,0,0.012207,0.012207,0.073242,0.15869,0.63477,3.1982,13.928,15.613,11.682,4.1504,0.30518,0.10986,0,0,0.012207,0,0,0.012207,0,0.012207,0.012207,0,0,0,0,0.024414,1
25.091,1,0.36364,8.1818,17.727,21,2.8182,10.182,86.636,17.727,2.6364,4.2727,14.091,15.455,4.7273,25.364,64.545,30.909,7.5455,7.2727,27.909,18.909,13,14.545,65.455,32.182,11.818,14.727,22.091,8.7273,12.364,16.727,28.455,4.7273,1.6364,11.818,31.636,24.727,6.9091,5.5455,106.64,43.727,4.4545,10.182,23.182,13.091,2,13.909,93.364,44.909,12.273,20.636,52.909,24.364,9.0909,17,87.273,29.545,7.3636,8.5455,27.636,17.818,17,41.727,18.636,11.182,13.455,24.091,23.727,11.909,5.3636,8.7273,112.73,16.545,6.7273,25.455,15.636,10.909,13.727,58.091,81.182,14.545,9.4545,24.727,44.818,39.273,28.364,46.364,70.273,13,7.7273,14.636,18.818,19.455,33.818,51.273,14.818,5.3636,7.5455,20.455,17.091,5.5455,2,10.273,65.364,4.6364,3.0909,21.182,18.182,8.6364,14.545,49.091,63,16.545,11.091,11.818,23.545,25.455,31.364,49.182,45.909,7.6364,14.182,14.364,13.182,17.364,31.273,41.636,0.20752,0,0,0.024414,0.073242,0.5127,1.3428,1.9531,1.3062,1.2329,2.5635,6.604,7.2388,6.5918,10.779,4.6753,2.5513,1.6357,0.61035,0.085449,0,0,0,0,0,0,0,0,0,0,0,0.012207,1
18.524,9.1905,4.2381,20.619,24.476,17.333,17.429,20.286,41.667,31.19,6,13.476,28.143,24.857,17,22.286,42.333,50.619,25.619,15.524,16.238,8.619,12.286,26.429,14.286,22.524,30.81,27.476,11.857,8.4762,15.571,15.714,26.714,17.381,2.7619,14.714,30.857,19.857,10.524,13.381,75.476,37,12.286,29.762,45.905,23.381,20.476,29.905,102.48,57.238,26,32.048,31.381,9.4286,18,41.524,33.333,30.762,37,34.952,31.286,28.571,11.19,13.952,21.19,20.286,15.667,14.524,15,10.81,12.714,15.286,69.143,35.095,25,26.143,35.524,22.143,19.762,41.286,103.62,45.714,18,16.714,35.286,29.429,22.381,53.238,44.048,22.286,12.762,17.762,41.429,51.476,17.095,23.143,9.6667,13.238,17.81,15.524,7,4.4286,4.8571,7.2857,35.333,23.857,22.667,18,13.429,10.429,10.952,22,56.143,33.952,19.476,19.571,26.286,23.238,16.619,27.857,30.238,15.048,7.2857,14.333,36.667,38.333,14.286,18.524,0.012207,0.036621,0.1709,0.75684,1.4038,0,0.90332,0.74463,0.53711,0.42725,1.062,0,1.9775,4.4922,9.314,6.9092,0,6.4941,6.3843,6.0547,2.1362,0.097656,0,0,0.024414,0.012207,0,0,0,0,0,0.048828,1
7.8462,2.7692,9.5385,9.7692,13.231,3.2308,3.4615,0.38462,93,21.154,5,6.5385,8.4615,1.0769,3.9231,6,62.923,24.385,9.0769,10.692,17.692,4.9231,6.6923,11.308,11.923,7.7692,7.4615,12.308,23.692,11.385,9.3077,5.3077,18.846,9.7692,10,14.923,15.923,7.0769,1.1538,1.7692,155.15,40.692,6.7692,18.077,15.231,2.1538,0.23077,12.615,100.85,39.692,20.538,41.846,42.769,17.615,7.1538,14.923,35.462,11,17.385,17.308,60.077,28.154,12.538,12.462,28.615,8.5385,10.231,15.692,18.615,8.0769,1,5,154.08,31.923,5.6923,17.385,17.385,5.3077,2.3846,34.308,102.38,24.846,15.231,28.462,56.846,38.692,18.846,34.923,27.308,11.692,11.231,19.077,79.538,34.462,14.923,15.385,31,8.3077,7.8462,9.1538,9.3077,7.1538,7.6154,5.9231,132.15,37.462,5.5385,7.8462,11.077,5.9231,16.308,19.462,64.538,21.769,11.538,14.538,55.615,28.462,18.692,21.077,24,8.0769,8.4615,11.769,51.231,26.231,10.692,11.615,0.23193,0.5249,1.2085,1.6235,2.4902,3.2959,3.3813,3.9795,4.2603,4.8706,8.4229,3.0273,2.5879,1.6968,1.5747,1.0132,0.8667,0.73242,0.90332,0.62256,0.93994,0.36621,0.21973,0.21973,0.24414,0.10986,0.10986,0.085449,0.12207,0.061035,0.13428,0.073242,1
20.867,14.733,4.1333,3.8,9.2,18,14.4,16.533,38.467,25.667,8.5333,7.4,20.867,21.667,14.333,11.333,59.467,45.2,12.333,10.333,26.2,16,4.3333,13.4,35.467,23.667,20.667,13.933,19.2,9.8667,1.4667,13.4,27.133,20.733,12.133,12.667,17.8,24.533,16.867,18.8,78.267,30.867,10.333,14.667,29.8,21.333,12.133,20.2,103.47,55.467,17.933,29.667,35.533,20,5,31.667,57.6,36.933,20.2,21.4,42.2,27.533,9,24.4,38,11.8,7.2667,11.533,29.867,19.467,6,17.067,84.333,38.8,18.4,17.067,28.867,10.733,9.3333,34.333,103.53,46.733,17.933,23.667,38.533,36.8,17.733,49,46,25.8,17.667,28.933,50.333,40.933,21.267,35.667,23.533,10.867,11.333,11.067,19.467,10.467,3.1333,10.4,54.533,35.267,12.667,9.8,11.6,5.4,17.667,36.8,64,37.733,13.667,13.6,27.2,31.133,22.267,35.8,36.733,29.2,19.2,29.333,44.867,25,13.933,18.467,0.036621,0.061035,1.2085,0.54932,1.6602,0.72021,0.90332,2.1118,1.0376,2.2095,1.7578,1.6479,4.541,2.3315,4.5532,1.9775,2.0874,3.8574,1.709,3.54,1.7212,2.8931,1.2573,1.4282,2.6733,0.39062,0.29297,0.12207,0.31738,0.19531,0.024414,0.18311,1
21.643,16.429,15.857,6.5,6.4286,30.143,33.286,15.357,26.643,30.429,35.214,20.571,8.7143,26.571,36.429,23.571,40.571,51.214,43.143,30.071,15.643,4.3571,13,24.571,16.643,42.5,41,18.357,13.357,7,3.2143,3.7857,28.929,22.857,26.429,20.571,12.143,27.429,24.5,15.571,81.714,45.929,35.714,32.857,20.071,19.357,32.357,38.357,90.714,54.714,37.5,35.286,31.714,21.286,23.929,36.571,29.643,29.857,25.571,17.643,27.286,23.929,18.5,8.2857,30.786,22,24.714,29.714,10.071,25.714,28.929,27.929,82.143,24.643,28.143,32.857,21.071,32.857,41.214,54.714,84.929,30.286,16.714,25.571,30.143,28.143,44,55.286,29.286,22.071,16.143,14.929,19.857,22.214,30.5,16.643,24.357,17.571,17.214,22.214,6.2857,16,15.786,16.643,43.143,22,14.143,20.643,8.5714,23.857,31.5,30.929,46.643,26.429,13.286,11.929,16.071,18.5,32.786,43.286,31.714,25.5,12.786,12.214,18.5,12,17.5,15.571,1.3184,2.1118,5.1758,6.5186,5.0781,6.8115,3.894,2.3682,0.97656,0.89111,0.59814,0.45166,0.50049,0.32959,0.3418,0.62256,0.70801,0.64697,1.709,4.9805,1.3306,0.30518,0.19531,0.29297,0.13428,0.18311,0.32959,0.23193,0.20752,0.25635,0.48828,0.012207,1
24.812,10.188,2.75,7.25,9.0625,17.875,16.125,16.188,57,22.5,9.9375,11.25,12.438,18.625,13.938,29.938,37.938,29.938,19.125,30.75,43.5,16.25,4.25,17.5,13.812,29.812,32,24.812,25.188,10.438,7.375,9.125,32.625,15.312,13.438,19.938,24.5,9,12.75,18.188,112.75,39.5,14.625,15.875,14.062,13.312,23.812,41.938,78.188,42.375,20.562,38.438,47.812,32.562,12.688,25.25,31.312,35.562,23.438,30.812,34.688,29.188,6.6875,6.875,46.688,19.562,13.625,16,25.438,12.625,3.375,13.875,102.94,41.375,19.688,16.375,21.375,18.375,12.688,49.375,79.812,25.75,9.1875,24.875,45.062,45.562,43.812,41.938,35.938,19.625,4.6875,21.25,28.5,39.25,35.625,11.562,34.25,20.812,6.5625,10.375,15.562,15.312,7.3125,11.375,53.188,29.5,12.25,11.125,17.812,24.5,20,35.25,33.688,19.438,8.25,13.5,27.625,35,47.812,26.625,22.938,16.375,10.188,9.25,6.5625,28,39,13.875,0.26855,0,0,0.024414,0.012207,0.061035,0.23193,2.1484,4.2358,12.109,9.9609,8.7769,3.9429,1.8433,2.1118,1.2695,0.72021,0.62256,0.25635,0.61035,0.19531,0.19531,0.085449,0.13428,0.012207,0.097656,0.024414,0.012207,0,0,0,0.036621,1
8.5455,3.9091,6.1818,14.091,48.545,38.545,30.091,15.455,35.636,12.091,3.8182,22.273,84.545,53.636,9.7273,30.455,77,35.182,7.6364,6.4545,20.364,12.091,7.9091,36.818,23.727,17.818,12.818,6.4545,9.1818,7,8.3636,25.455,11.545,24.364,18.818,17.545,46.545,35.909,24.909,10.909,58,17.727,11.364,40.545,104.55,49.636,10.455,17.273,125.82,53.091,16,19.636,29.545,10,5.4545,39.727,36.818,22.364,33.364,29.545,41.182,12.364,8.3636,25.455,13.727,19.273,12.545,17.364,43.636,37,25.182,21.545,48,22.364,25.727,60.455,84.727,38.545,10.818,16.091,128.36,52,13.818,18.727,25.636,10.636,16.273,53.273,37.455,13.455,15,26.182,45.455,34.364,34.455,27.727,12.636,10,9.5455,22.818,44.364,27.727,7.9091,15.091,36.818,25.636,14,28.182,35.091,20.273,12.727,26.545,79.727,49,15.273,6.7273,15.182,17.545,12.182,25.909,25.818,24.909,20.273,13.545,29,22.909,10.727,8.9091,0.061035,0.21973,0.5249,1.0498,1.1597,0.74463,1.4771,1.8066,2.2949,5.3955,9.1431,5.7495,10.4,3.2593,1.5381,0.84229,0.29297,0.46387,0.41504,0.40283,0.30518,0.28076,0.13428,0.37842,0.43945,0.63477,0.37842,0.13428,0.036621,0,0.024414,0.012207,1
13.308,6.3846,22.154,29.615,17.462,7.4615,4.1538,14.538,49.846,33.462,30.077,42.769,21.538,6.7692,7.3846,23,51,51.231,35.231,34,20.462,8.2308,16.385,33.385,20.231,39.846,32.846,40.154,30.154,12.154,15,20.308,24.308,20.769,8,29.154,24.231,13.769,6.0769,8.4615,67.615,46.846,20.692,46.615,51.615,14.154,15.923,24.923,84.308,53.692,36.846,53.077,35.154,14.846,21.538,34.538,28.462,34.077,37.462,65.769,39.769,10.462,16.154,17.154,22,12.692,6.5385,15.692,24.538,22.077,13.308,14.154,66.538,26.769,9.6923,24.077,43.923,27.538,18.692,50.462,90.538,37.231,11.385,29.615,29.154,24.308,20.231,49.462,31.308,34.538,14,42.846,46.692,14.846,14.769,17.846,5.6154,2.6154,2.6923,3.1538,8.1538,26.615,21.462,18.923,42.923,22.077,7.6923,4.3077,9.6154,21.769,19.077,47.692,48.769,18.385,9.6154,6.6923,14.077,19.308,37.692,55.154,17.462,11.462,5.5385,8.2308,29.692,27.692,28.077,33.385,0.024414,0.048828,0,0.073242,0.12207,0,0.3418,1.2085,0,3.6743,5.188,0,6.2866,9.2651,14.258,0,8.2275,0.91553,0,0.13428,0.10986,0.024414,0,0.012207,0.048828,0,0.012207,0.012207,0,0,0,0.012207,1
11.889,12.222,8.3333,16.444,30.889,25.444,16.778,4.2222,68.111,56.778,14.778,14,17.667,10.667,17.889,21.667,59.556,47.222,16.222,17.111,32,15,6,19.778,16,14.667,14.778,19.333,46.444,18.444,4.6667,7.1111,41.222,14.111,3.2222,5.3333,21.111,35.778,19.667,14.778,122.78,78.333,23.222,14.333,12,11.333,11.778,33.556,70.222,62.667,41.222,61,38,19.222,7.3333,26.889,17.444,18.444,20.778,35.222,51.889,15.556,9.7778,14.556,52,8.5556,1.6667,8.3333,8.6667,20.556,19.333,31.556,121.33,35.444,7.1111,11.556,8.5556,16.111,32.444,84.333,61,23.111,8.5556,27.444,33.111,47.556,49.778,55.111,18.889,10.778,7.7778,27.778,43.556,37.556,22.444,20.444,16.222,3.5556,3.6667,4.7778,5.8889,6.8889,16.444,21.778,43.222,9.4444,3.3333,4.5556,5.6667,9.6667,39,54.444,42.778,5.2222,2,10.889,18.778,22.778,45.556,51.556,16.778,1.6667,3.5556,15.111,31.889,28.333,30.556,27,0.10986,0,0,0,0,0,0.14648,0.12207,0.54932,1.416,8.1665,8.8501,13.379,7.9224,6.6895,0.91553,0.85449,0.26855,0.25635,0.048828,0.13428,0.012207,0.073242,0.024414,0.024414,0,0.024414,0,0,0,0,0.012207,1
10.2,17,26.2,24.2,14.7,12.9,17.3,11.5,22.6,41.6,40,19.5,19.6,13.5,32.4,28.3,47.9,50.8,19.9,9.4,24.4,25.3,26,31.2,32,25.5,25.7,25.1,34,33.1,12.4,15,8.3,20.6,21.8,25.4,41.5,35.7,19.4,10.2,48.2,28.2,23.4,21,35.4,43.5,39.1,37.6,100.8,66.8,38.9,15.9,25.6,30,33.9,59.1,28.9,26.9,35.1,44.3,49.5,58.3,36.1,30,7.5,15.1,10.6,14.2,44.4,46.7,29.6,18.8,58.2,40.3,17.6,27.1,28.9,27.2,28.8,35,85.5,52.6,14.7,11,27.9,59.7,40.9,47,20.8,15.7,2.2,17.7,56.2,74.6,52.2,26.4,6.8,11.9,4.7,12.6,27.5,28.4,23.5,9.6,35.9,21.8,7.6,6.7,11.7,24.3,23.1,33.8,35.8,18.3,13.3,13.9,26.4,48,30.6,29.3,21.3,9.5,6.7,22,29.7,32.1,29.1,15.1,0.012207,0.048828,0.26855,0.40283,0.67139,1.0864,1.7334,2.4536,0,2.2583,3.3936,4.8462,4.5898,4.6753,3.9429,3.0151,0,2.7832,2.3193,2.2583,1.7822,1.4526,1.2085,1.1475,0,1.3062,1.1353,0.54932,0.40283,0.12207,0.10986,0.024414,1
21.75,13.55,12.25,9.05,10.7,9.55,7.1,17.45,42.6,23.95,16.85,17.9,13.9,13.7,21.55,32.35,51.6,51.75,20.3,16.2,12.7,13.2,29.05,32.4,15,26.85,42.35,17.7,19.05,15.6,21.7,13.8,22.45,19.9,24.1,19.6,17.35,17.55,11.45,14.55,74.35,33.95,27.7,26.75,34.25,33.45,23.85,32.6,110.05,56,21.5,17.4,10.65,21.15,26.35,45.6,39.05,32.5,38.3,26.75,13.35,16.15,22.25,21.95,19.2,12.3,14.1,24,28.8,20.6,12.55,18.75,74.7,26.5,17.95,37.45,44.4,30.5,22.35,38.8,106.1,30.3,12.25,16.75,11.4,20.05,43.2,69.45,29.4,18.45,17.35,17.7,10.7,33.05,64.1,37.35,14.2,13.4,7.75,13.6,26.75,24.85,17.5,10.05,34.2,14.9,7.4,14.25,38.45,26.35,25.75,32.2,41.35,19.2,8.85,5,9.65,22.8,44.35,58.6,20.05,11.45,13.95,14.75,9.35,14,52.95,31.05,2.7832,5.2124,2.9907,2.2705,2.9785,3.6011,5.2246,16.248,5.6763,1.1108,0.47607,0.31738,0.18311,0.13428,0.085449,0.097656,0.024414,0.024414,0.012207,0.036621,0.085449,0.012207,0,0.012207,0.012207,0.012207,0.024414,0.061035,0.10986,0.061035,0.097656,0.024414,1
32.444,20.722,15.5,3.2222,0.33333,7.2778,31.111,40,50.333,32.333,24,11.333,7.3333,14.889,37.444,45.444,37.722,38.611,33.5,26.944,30.722,18.778,20.5,23.333,17.333,32.444,30.167,21.222,14,14.444,12.167,8.4444,43.389,28.5,21.444,8.7222,3.1111,10.778,20.889,29.167,80.944,48.278,27.167,14.333,11.167,16.056,33.111,43.111,85.333,54.556,33.611,25.5,27.667,16.944,23.444,28.056,33.278,36.389,23.722,15.611,21.444,19.444,18.056,13.778,40.944,26.5,20.333,5.6111,7.6667,17.778,19.333,18.944,86.389,37.889,19.722,12.056,16.722,16.333,22.889,48.5,87.778,33.833,22.722,17.5,25.833,20.278,20.667,60.778,33.944,20.944,14.833,14.056,19.889,16.944,22.056,29.944,24.333,15.222,7.6667,5.9444,5.2778,15.167,20.111,22.5,57.444,24.778,12.167,11.833,5.0556,13.5,20.333,32.167,52.778,19,16.611,21.333,11.444,12.222,15.722,46.444,21.722,5.6111,5.8889,15.889,11.722,15.611,25.611,31.833,0.93994,0.46387,0.98877,1.4771,1.5747,2.2217,3.0518,4.3579,5.6519,5.8472,4.5532,1.4893,2.0142,1.2695,1.1108,0.5249,0.80566,0.50049,0.58594,1.062,1.2695,1.4282,1.5869,1.5747,1.0986,0.37842,0.30518,0.5249,0.39062,0.39062,0.40283,0.15869,1
38.75,15.438,11.438,29.125,39.75,28.938,25.875,18.25,31.688,15.25,14.812,32.25,50.188,41.125,26.188,31,54.75,30.25,14,16.562,28.438,26.875,13.375,34.375,27.438,15.625,4.375,16.25,23.25,14.25,15.688,24.875,48.812,20.562,11.812,33.312,52.5,39.312,30.875,27.438,56.375,28.688,20.5,34.938,66.25,62.375,31.25,30.188,95.562,43.062,24,28.625,36.188,21,12.25,41.688,33.188,26.25,18.812,23.375,24.312,12.125,5.375,12.625,32.5,31.562,29.688,36.688,51.688,31.5,15.188,12.812,62.062,25.125,26.062,48.688,69.562,49.062,14.375,19.25,101,50.062,15.812,15.938,38.75,28.375,12.625,34.688,38.688,18.75,17.625,15,30.625,19.75,18.688,18.062,24.188,18.062,24.688,33.188,35.875,23.5,13.5,13.5,33.188,23.75,27.062,39.625,49.375,24.562,12.188,15.688,50.625,30.875,17.625,18.312,39.625,18.625,10.438,28.125,23.125,4.8125,2,9,31.375,19.562,20.062,19.688,0.012207,0.39062,0.92773,1.123,0,1.5503,1.5869,1.8677,2.6733,0,3.3203,3.5522,4.7852,5.5542,5.0781,0,5.6396,5.5176,3.7476,2.1362,0.26855,0,0.085449,0.073242,0.024414,0.024414,0,0.012207,0,0.024414,0.012207,0.012207,1
48.889,20.222,0.88889,0.33333,2.6667,17.111,34.667,25.778,62.667,38.222,6.2222,7,7.8889,16.556,27.111,45.667,52.667,48.667,13.667,9,5.1111,12.333,17.333,34.444,23.556,42.556,19.111,6.1111,10.222,5.6667,5,22.889,55.889,28.222,6.1111,1.7778,2.7778,6.7778,14.111,16.444,105.11,28.111,6.1111,1.3333,3.2222,25.111,17.889,46.444,107.56,68.667,17.333,3,0.66667,2.6667,9.6667,47,65,57.111,21.222,4.8889,2.8889,5.5556,9.8889,24.333,42.444,26.333,16.667,9.2222,4.3333,2.4444,14.667,25.556,112.33,31.556,11.444,3.4444,6,11.222,6.3333,40.111,129,44.111,6.2222,5.8889,2.6667,4.7778,3.6667,51.556,68.111,28.222,2.3333,0,1.7778,15.667,24.333,51.556,29.222,15.556,21.889,9.2222,5.8889,7.2222,8.8889,26,79.667,15.111,5.4444,6.3333,8.6667,13.222,4.8889,47.556,66.111,5.4444,0.55556,5.6667,9.7778,17.333,17.222,52.556,30,2.4444,1.1111,0,2.8889,14.667,29.111,60.556,2.4536,0.18311,0.43945,2.5146,2.5513,0.64697,0.54932,0.47607,0.36621,0.40283,0.43945,0.23193,0.39062,0.61035,1.4648,1.7578,10.901,9.3872,6.1279,7.6416,0.354,0.061035,0.012207,0.012207,0,0,0,0,0,0.012207,0,0.012207,2
54.857,31.857,21.429,0,0,0.14286,10.429,37.286,65.143,43.429,26.429,5.7143,6.1429,4.8571,26.143,58.143,46.429,38,23.714,19.143,19.143,5.4286,12.714,25.857,27.429,25.714,25.571,19.571,7.5714,1.8571,4.8571,8,63.429,29.714,21.714,5,1.1429,0,6.8571,40.429,107,48.143,15,5.8571,2.7143,2.2857,13.429,64.714,84,48.429,5.8571,19.714,19.143,9.4286,24.714,44.286,39.857,24.429,10.714,25.429,21.429,18.286,23.714,20.857,44,7.2857,11.714,27.286,10.286,0.42857,4,32.429,100.29,11.714,3.4286,9.4286,1.5714,1.7143,27.571,64.714,69,18.429,0.71429,2.8571,11.143,25.143,60.571,68.286,26.429,7,0.71429,4.2857,13,60.571,66,42.429,12.429,3.5714,17.714,49.714,15.571,0.14286,3,17.857,32.286,4.2857,1.7143,5.1429,1.2857,0.57143,35.857,57,15.714,0.14286,0,0,0,3.2857,66.143,69,10.714,0,0,0,0,23.714,57.571,42.571,0.12207,0.20752,0.354,0.085449,0.012207,0.036621,0.012207,0.036621,0.012207,0,0.024414,0.012207,0.048828,0.048828,0.048828,0.28076,3.4302,37.903,3.5156,2.771,0.56152,0.085449,0.048828,0.061035,0.048828,0.061035,0,0.012207,0.012207,0.036621,0.061035,0.048828,2
33.556,10.444,5.8889,8,32.667,13,13.889,17.111,89,24.556,4.3333,10.778,26,8.1111,6.7778,59.667,61.111,22.778,7.7778,24.333,31.222,8.8889,11,52.222,20.778,12.333,4.7778,21.889,31.444,25.556,12.444,17,45.222,7,7.2222,6.4444,32,11,7.2222,31.111,110.33,43,8.7778,8.4444,42.444,29.111,11.889,60.667,97.889,33.889,19.111,23.444,32.778,49.556,20.444,57.222,23.111,14.889,17.222,36.667,32.444,42.111,27,20.333,23.444,28.889,35.333,22.667,18.889,6.5556,3.2222,10.333,103.56,86.222,48,13.333,28,18.667,11.667,39.444,98.444,73.667,33.556,21.333,44.333,59.556,17.889,24.556,29,33.667,21.556,31.889,21.444,19.444,14.222,13.778,12.778,30.111,21.222,8.7778,3.1111,3.6667,2.6667,0.44444,44.444,64.111,23.222,3.7778,3.3333,7,5,7.3333,29.111,43.889,20.222,10.778,10.444,15.333,10.111,9.4444,13.111,16.444,11.778,10,10.222,6.7778,8,11.667,4.5654,0.89111,1.7212,3.6255,4.9561,2.2583,0.68359,0.37842,0.12207,0.085449,0.061035,0.024414,0.10986,0.036621,0.061035,0.20752,0.24414,4.1748,4.0771,14.795,3.6377,0.1709,0.14648,0.061035,0.10986,0.036621,0.061035,0.10986,0.13428,0.15869,0.95215,1.3428,2
22.154,11.692,10.385,10.154,12.846,19.308,30.538,34.692,48.462,22.154,10.385,5.7692,4.2308,11,26.923,39,34,16.846,11.923,9.2308,7.9231,4.9231,5,16.462,26.308,26.769,14.462,1.7692,3.7692,3.5385,3.3077,7.6923,49.231,30.923,21.615,20.231,19.923,18.462,36.077,52.538,98.308,58,33.231,19.231,14.462,25.615,40.231,60.231,103.31,50.308,43.154,33.692,13,11.385,15.077,53.308,39,44.154,15.538,6.1538,10.538,7.8462,4.1538,9.1538,53.077,39.846,20.308,22.231,25.692,19.538,18.385,44,105.08,54.769,28,21.154,14.462,15.923,27.231,62.231,93.308,44.692,17.308,17.615,17,27.308,30.462,52.692,34.308,20,7.6154,11.923,13.308,11.615,18.385,23.077,22.923,28.308,29,27.462,11.615,9.3846,12.077,38,53.846,31.231,20.077,10.923,6.5385,7.5385,15.692,48.462,36.846,18.769,15,12.923,7.3077,19.462,21.538,31,15,9.1538,8.4615,15.615,15.846,9,16.462,17.385,1.001,0.92773,0.5249,0.25635,0.39062,0.91553,0.90332,1.1108,1.7822,2.0264,2.7832,1.9531,1.2207,0.72021,1.2451,3.9673,5.2612,16.931,3.6743,0.73242,0.93994,0.26855,0.036621,0.024414,0.012207,0.012207,0.024414,0.036621,0.085449,0.036621,0.1709,0.024414,2
2.4,6.6,25,6,4.2,21.4,5.6,5.8,126.6,24.8,14.4,4.2,6.8,5.2,13,60.2,135.6,18.2,5.4,4.8,7.4,30.6,33.8,73,15.8,20.8,13.4,15.6,9.4,27.4,18.8,11.6,8,22.6,57.8,20.2,15.8,11.4,7.4,3.6,115.2,43.8,50.2,16.2,13.8,11.6,23,35,135.6,36.4,9.6,3,2.6,8,12.2,58.4,44.4,40,32.4,20.8,7.8,6.2,9.4,16.8,13.6,8.4,5,4.6,16.6,15.4,19.8,38.6,97.6,22.6,12.2,12.2,15.2,16.6,13.2,34,133.8,37.6,6.2,2.4,7.4,11,5.4,32.6,66.8,33,12.6,13.8,5.2,16.6,19,18.6,5.8,0.8,0,2,18.2,8.4,7.8,16.4,35.4,1.6,0.2,0,3.2,7.2,9.2,36,46,24.6,11.2,6.4,2.4,1.2,17.8,22.6,6.8,7.8,12.2,24.6,13.8,6.2,16.8,9.2,0.14648,0,0.8667,0,4.5776,0,7.4585,0,11.121,0,12.366,0,7.4463,0,0,4.834,0,0.56152,0,0.25635,0,0.12207,0,0.061035,0,0.085449,0,0.036621,0,0.036621,0,0.024414,2
30.286,5.9286,5.3571,3.2143,13.143,8.9286,13.857,18.714,49.786,14.429,11.786,25.143,17.143,5.1429,17.714,23.429,43.857,26.429,13.286,34.357,27.357,19,18.143,18.357,14.714,11.357,5.8571,13.357,35.214,25.857,5.7143,10.143,43.714,8.7143,9.0714,7.7857,14.214,7.2143,7.2857,26.5,99.571,31.5,8.2857,18,21.429,15.5,20.929,33.786,83.357,34.143,17.5,32.857,42.5,37.929,14.429,29.643,32.214,23.357,19.214,23.214,30.5,37.786,18.857,17.357,44.857,22,16.429,10.429,15.143,12.643,15.357,37.643,100.86,42.857,17.286,21.214,18.714,17.429,16.071,43.643,83.5,34.286,17.571,29.357,50.929,40.429,20,36.571,38.357,19.429,11.714,15.643,38.571,30.571,25.357,20.071,28.357,19.929,10.643,6.6429,3.5,12.286,8.2143,26.143,74.643,31.571,6.0714,8.7143,9.3571,22.786,13.5,40.286,42.071,24.071,8.0714,16.214,41.786,37.857,26.286,17.929,31.214,19.357,7,10.643,28.643,19.214,11.071,9.5,0.28076,0.085449,0.15869,0.13428,0.085449,0.097656,0.097656,0.12207,0.15869,0.085449,0.085449,0.20752,0.30518,0.47607,0.73242,1.6846,2.1118,5.603,11.987,24.341,0.43945,0.061035,0.085449,0.036621,0.024414,0.036621,0.048828,0.048828,0.12207,0.097656,0.13428,0.024414,2
18.789,7.8421,3.1579,3.6842,4.3158,13.263,45.947,30.421,41.789,14.368,8.5263,7,8.3684,29.053,36.579,26.632,51.316,56.474,20.842,12.737,11.211,25.316,20.421,15.789,22.053,39.263,17.211,15.737,8,6.3684,10.053,6.8947,23.053,18,24.632,17.263,12.211,13.158,24,23.053,82.421,21.579,26.737,26.211,20.105,26.684,36,43.474,110.47,63.263,15.158,15.684,12.579,14.211,22.526,45.105,36.316,32.105,21.737,30.053,13.316,5.2632,15.105,9.7895,22.421,27.579,26.842,17.474,13.474,10.263,10.211,13.684,70.421,44.474,46.947,43.421,35.105,29.632,27.684,28.105,117.68,43.105,14.105,19.474,13.684,13.842,28.316,65.368,27.105,12.842,11.947,16.368,11.789,9.3684,30.579,32.842,6.7895,15.368,16.316,10,17.368,16.737,8,3.0526,32.947,51.158,45.684,29.474,16.421,27.211,16.947,10.263,48.368,36,27.632,28.789,10.632,9.2105,15.474,37.632,30.263,18.368,13.579,17.105,5.9474,7,15.158,24.105,0.061035,0.036621,0.097656,0.39062,0.67139,0.85449,0.64697,0.39062,0.23193,0.23193,0.40283,0.1709,0.24414,0.28076,0.50049,0.87891,1.2939,3.8696,9.0576,19.983,9.021,0.31738,0.12207,0.085449,0.048828,0.012207,0,0.024414,0,0.012207,0.024414,0.036621,2
10.917,14.75,18.167,9.5,5,2.8333,8.6667,16.25,30.333,26.417,29,15.75,6.5833,4.4167,21.167,24.333,51.167,65.25,35.917,12.583,2.6667,14.5,19.5,12.417,43.25,43.667,22.667,16.333,5,20,14.25,13.333,21.5,18.083,20.75,10.083,5.4167,12,10.417,13.75,79.333,39,31,16.75,5.6667,23.917,28.5,26.5,97.833,67.167,34.083,24.833,19.083,15.833,29.75,32.667,59.5,44.333,17,34,35.333,37.417,22.333,13.333,26.583,16.917,17.667,11.75,5.8333,10.083,19.917,19.917,84,35.083,17.667,20.25,5.3333,13,27.917,38.917,101.92,34,9.6667,21.583,31.917,31.25,25.917,55.417,51.833,11.75,7,22.583,36.667,31.25,29,49.083,12.167,10.083,15.667,11.333,4.6667,2.5833,17.583,14.5,52.25,18.667,9.25,13.5,5.5833,6.8333,30.083,38.917,54.5,14.667,12.583,20.667,19.25,27.5,43.083,69.167,24.833,6.5833,7,17.5,14,17.5,20.583,44.167,0.012207,0.012207,0.024414,0.024414,0.073242,0.18311,0.26855,0.1709,0.21973,0.1709,0.37842,0.78125,1.0132,2.2705,1.8066,2.6611,17.81,11.353,8.4717,0.93994,0.62256,0.19531,0.354,0.097656,0.024414,0.036621,0.012207,0,0,0,0,0.012207,2
12.556,7,2.6667,3,20.778,24.222,9.4444,1.5556,66.222,36.111,8.1111,16,12,9.4444,6.5556,3.7778,55.444,46.667,8.3333,25.778,31.444,2.1111,1.1111,5,41.778,35.778,9.1111,22.444,18.889,12.444,0.33333,1.3333,32.444,15.333,15.556,16,21.889,22.778,11.333,5,91.222,43.778,23.889,18.778,15.667,16,9.7778,19.889,98.889,38.667,10.778,23.778,36.333,7.8889,4.2222,32.333,56.667,21.889,11.556,17.667,39.667,26.556,5.2222,24.889,39.778,18.111,29.111,19.333,12.889,29.111,12.889,6.8889,82.556,23.222,34.667,34.222,23.556,20.889,6.4444,22.778,95.778,38.333,12.444,17.222,41.222,27.667,10.556,28.778,58.778,29,12.778,9.5556,29.333,25.111,8,31.444,28.667,4.4444,9.6667,7.6667,11.111,21.667,16.667,18.222,44.667,5.1111,4.5556,8.7778,14.444,27.111,21.444,28.222,51.111,19.889,15,9.5556,20.778,15,25.556,35.222,35.111,22.667,16.333,17,19.111,13.444,7.3333,23,0.061035,0,0,0,0,0,0,0,0,0,0,0,0,0,0.024414,0.012207,0.012207,0.12207,2.6855,19.287,22.791,4.0161,0.30518,0.19531,0.061035,0.085449,0.061035,0.036621,0.073242,0.012207,0.097656,0.061035,2
18.6,11.4,6.2,4.2,9,24.7,23.9,27.3,37.2,25.3,15.9,15.2,25.1,36.9,40.9,34.9,36.4,35.4,32.5,23.1,33.3,26.2,20.9,29.4,28.5,27.8,35.4,24.9,22.3,20.2,6.3,13.8,17.2,16.3,18.2,33,41.4,36.5,16.6,16.4,62.4,24.9,25.5,35.1,28.2,56.8,65.4,51.2,106.5,62.5,26.4,23.1,14.6,19.8,38.1,62.8,32.6,34.9,25.2,53.8,47.3,41.9,17,13.4,14.4,25.4,28.1,29.9,33.9,35,18.6,5.6,43.3,50.1,55.7,63.5,31.3,26.6,14.1,20.5,109.2,49.9,35.1,33.3,14.3,20.3,43,58.7,29.9,12.2,11.2,44.5,44.6,36.1,52.7,43.5,17.1,21.9,16.3,14.6,18.2,13.6,12.1,5.7,35.1,42.8,25.3,26.8,14.8,27.4,15.3,26.4,14.8,13.2,28.7,38.4,22.7,31,35.9,19.5,14.9,6.8,24.2,19.2,14.1,22.9,43.9,31.9,0.12207,0,0.21973,0,0.8667,0,2.1118,0,3.6743,0,5.0781,0,8.9111,0,18.738,0,0,8.6792,0,0.63477,0,0.40283,0,0.26855,0,0.14648,0,0.097656,0,0.024414,0,0.024414,2
56.389,26.611,1.7778,1.3889,1.1667,0.61111,2.4444,13.389,76.222,50.556,2.2778,2.7222,3.5556,16.444,15.333,36.889,89.5,52.5,3.0556,2.6667,4.6667,10.167,26.944,58.889,47.556,26.056,9.8333,13.278,13.944,2.8333,6.5556,21.5,56.667,31.5,7.2222,4.3333,4.8333,11.722,9.8333,21,99.111,55.667,6.9444,12.556,14.944,40.667,29.333,44.833,124.94,58.944,7.7222,6.9444,5.4444,22.111,29.722,77.167,59.222,22.944,3.5,5.7778,9.2778,8.3889,18.389,41.611,43.222,32.056,8.6111,13,8.8889,8.1667,6.6667,12.667,94.5,41.889,36.778,41.889,13.333,16.944,9.2222,48.889,108.67,46.333,27.5,22.222,4.7222,5.0556,15.611,59,53.389,14.333,5.7778,9.0556,23.056,8.8333,10.944,30.833,33.056,19.278,3.4444,2.3889,1.0556,3.2222,4.0556,12.778,44.167,33.333,20.222,17.167,1.3333,2.7778,3.9444,15.556,69.278,28.222,23.278,19.889,1.8333,2.7778,10.722,40.5,39.222,10.278,9,14.833,10.833,2.5,6.8889,22.611,0.036621,0.036621,0.012207,0.024414,0.012207,0.048828,0.036621,0,0.012207,0.024414,0.097656,0.036621,0.024414,0.048828,0.048828,0.90332,0,3.3203,6.2012,4.9805,4.3091,5.3467,5.7495,6.0425,4.9438,0,3.6499,1.9653,0.95215,0.98877,0.13428,0.012207,2
52.375,19.75,2.375,1.75,6.75,5,2.75,14.75,77.5,65.75,12,2,1.875,0.75,5,24.75,83,81.75,16.125,10,1.625,6.375,11.5,24.625,68.875,56.875,21.625,14.125,3.5,15.125,18.125,25.25,74,14.5,2.375,1,3.125,4.125,3.5,18.625,119.12,37.75,8.875,5.125,5.875,1.625,9.375,43,116.88,51,18.5,7.25,3.625,3.125,10.375,53,76,56.75,46.5,16.25,5.125,4.75,5.25,45.25,54.25,36.75,3.5,0,0,0,1.125,13.75,94.375,45.625,9.25,5.25,3.75,0.875,3.375,35.875,117.88,42.25,10.25,2.5,0.5,0.25,7.625,51.875,81.375,61.875,16.5,4.625,0.75,0.75,3.75,32,26.5,37,4.75,0.25,0,0.125,2.5,10.5,49.625,40.25,7,4.375,0.125,0.25,6,17.375,83,57,5.25,3.625,3.125,2,1.375,13.25,71,48.25,1,0,4.25,5.25,4.375,31.75,0.036621,0,0.024414,0,0.036621,0.012207,0.012207,0.012207,0.012207,0.036621,0.012207,0,0.024414,0.061035,0.012207,0.024414,0.036621,0.024414,0.024414,0.048828,0.061035,0.024414,0.073242,0.073242,0,0.073242,2.1729,4.834,14.6,27.417,0.20752,0.012207,2
26,8.9091,12.5,18.773,10.818,12.136,20.5,32.545,42.318,17.318,27.773,28.364,12.182,6.4545,16.818,46.955,28.682,18.318,29.727,14.182,8.5909,16.318,17,29.545,12.909,22.318,20.727,9.4545,11.136,18.727,14.455,13.818,40.364,24.455,24.136,21.318,12.409,13.318,27.364,47.318,79.455,28.591,22.727,17.409,24.682,23.091,30.455,71.136,86.273,41.909,33.864,18.227,12.545,20.955,21.409,45.455,26.364,18.682,21.455,22.864,20.364,24.091,13.773,13.727,33.591,24.182,30.682,26.045,17.091,12.636,20.182,24.364,93.045,53.727,27.455,20.591,24.909,17.682,19.364,41.591,95.091,48.455,28.273,21.091,11.545,28.227,30.591,40.864,24.136,14.091,15.318,19.273,18.5,36,30.227,19.864,17.818,28.273,29.909,21.5,6.9091,10.318,14.591,7.9091,51.545,47.591,24.591,9.2273,9.0455,7.4545,21.364,22.5,42.727,16.455,8.2727,6.5455,18.955,25.773,28.364,35.545,16.227,7.4545,7.2727,7.4091,11.136,27.455,26.045,17.955,0.061035,0,0.012207,0,0,0,0,0,0.012207,0.012207,0.012207,0.024414,0,0.012207,0.012207,0.012207,0.10986,9.729,15.942,8.7524,4.6265,3.0396,2.7466,2.0264,1.3794,0.80566,0.41504,0.21973,0.012207,0,0,0.024414,2
17.882,25.706,21.588,24.471,15.588,16.412,16.588,15.118,28.294,43.176,37.529,19.882,21.118,18.353,23.824,28.412,22.765,41,45.412,21.235,17.059,13.235,11.353,21.118,13.529,23.176,25.882,20.059,17.471,8.1765,4.7059,10.353,40.824,33,15.882,31.824,28.706,19.706,11,11.706,90.059,62.765,44.059,27.647,26.647,25.706,24.294,33.235,53.529,45.824,52.059,47.118,46.824,22.059,20.882,33.765,19.176,30.176,30.765,38.647,39.059,15.235,8.5882,16.118,37.235,17.353,13.647,14.353,24.412,21.529,19.294,29.235,83.765,30.882,24.765,24.941,26.647,24.471,39.059,61.353,64.471,43.353,21.118,25.765,39,45.118,44.647,49.706,46.471,47.353,40.118,25.059,18.706,15.294,13.294,21.471,21.647,15.118,14.882,11.235,8.7059,6.2353,22.059,35.294,19.471,19.647,19.059,14.059,20.588,17.176,32,32.235,44.294,34.412,11.412,9.2353,17.824,32,30.059,34.529,46.529,24.412,9.8824,5,12.882,19.647,7.4706,34.235,0.085449,0.10986,0.3418,1.3062,2.4048,4.3335,3.2715,2.5024,1.1597,0.83008,0.72021,0.37842,0.39062,0.30518,0.26855,0.62256,0.85449,4.4922,18.213,6.3721,0.65918,0.048828,0.036621,0.012207,0,0.012207,0.012207,0.012207,0.024414,0.012207,0.13428,0.073242,2
11.429,9.7143,15,25.071,34.357,21.786,19.643,14.357,30.429,34.214,33.214,31.071,30.214,15.5,13.714,17,24.429,40.786,41.5,19.071,13.714,7.7857,7.3571,11.714,34.071,45.571,24,6.5,0.42857,1.3571,0.5,6.2143,28.571,13.357,26.929,25.643,24.786,33.286,39,23.429,62.214,32.643,28.357,21.786,45.214,36.5,36.429,40.143,103.57,62.286,48.071,22.214,9.7143,8,12.786,45.357,41,55.357,32.786,13.929,12.929,13.357,7.8571,12.286,23.643,33.429,37.357,18.357,38.643,35.786,29.786,12.214,61.571,52.429,35.857,25.429,53.214,32.929,22.714,27.857,107.07,57.143,15.071,15.571,12.214,17.929,38.571,49.643,33.714,24.571,7.5,8.6429,23.786,34.286,40.5,28.214,31.429,25.571,24.643,15.929,32.571,12.857,8.7143,20.714,45.071,35.214,34,19,33.857,13.5,9.6429,22.429,34.143,31.857,22.643,17.786,24.5,17.714,36.857,29.857,23.786,17.429,14.786,10.214,10,10.714,28.5,28.786,0.50049,0.1709,0.64697,1.3916,2.063,1.6846,1.8188,1.5747,1.1475,1.1108,1.2451,0.81787,1.416,2.0142,2.2095,2.8687,6.4819,8.4351,8.2886,2.356,0.75684,0.32959,0.073242,0.012207,0.073242,0.024414,0.024414,0.097656,0.012207,0.024414,0.18311,0.14648,2
18.455,4.5455,12.227,16.545,21.773,15.864,6.2727,10.409,36.864,32.182,15.636,28.545,27.727,23.773,8.6364,17.727,57.182,68.682,29.636,20.591,13.955,9.9545,5.2273,20.409,29.773,39.364,41.818,24.364,16.5,10.136,3.8182,15.727,25.273,7,5.0455,16.5,29.5,27.727,18.682,22.045,77.727,43.636,15.409,23.409,37.227,35.773,26.045,35.955,101.23,72.364,26.545,26.136,22.591,16.545,13.864,45.227,41.455,36.727,28.273,22.5,28.5,15.5,14.045,28.727,24.136,14.636,9.1364,20.318,33.818,21.227,9.2727,15.455,85.909,35.318,12.773,19.182,32.545,25.864,19,46.045,101,49.091,12.682,18.727,27.5,20.864,22.682,70.955,48.636,28.364,20.136,22.773,35,21,24.455,37.773,11.955,14.727,10.318,16.955,28.636,12.455,2.6364,3.3182,35.864,32.182,18.182,14.091,18.409,9.1818,7.8636,26,55.545,28.909,13.818,7.1818,14.182,11.5,25.955,68.091,40.182,23.773,9.8182,8.4545,16.227,11.455,34.5,54,0.012207,0,0.097656,0.36621,0.36621,0.50049,0.25635,0.57373,0.30518,0.32959,0.47607,0.45166,0.42725,0.25635,0.3418,0.354,0.36621,0.32959,0.48828,0.23193,0.64697,1.0498,1.0132,1.6479,1.9653,2.771,1.8433,4.9194,8.2886,9.2896,6.4941,3.54,2
32.625,26.875,1.25,1,1,1.125,0.625,6.75,85.125,65.125,12.75,2,0.25,0.75,2.625,19.375,69.25,54.25,39.25,27.5,5.375,0.5,3.875,18.375,17.875,27.25,22.625,40.75,28.875,2,3.375,7.75,62.75,28.625,0.375,5.125,6.5,1.875,1.125,9.25,128.88,72.75,5.25,15,3.75,1.375,2.5,30,99.625,52.375,14.125,17.625,14.5,10.625,23.5,41.25,19.75,18.25,21,37.625,27.5,5.125,22.375,32.75,62.125,23.625,2.25,9.5,7.75,1.5,9.75,15.75,119.75,32.875,16.125,16.625,4.875,6.125,17.375,73.875,69.5,23.375,11.375,16.625,10.25,19.75,47.75,76.5,22.25,6.5,10.125,30.5,12.125,5.75,28,45.625,29.625,10.875,5.375,4.75,1.625,1.25,12.875,21,48.25,32.125,14.375,3.5,2.125,14.375,15,60,52.375,30.25,8.25,11.875,3.75,7.125,17.375,69.625,12.5,2,4,15.75,8.625,1.5,12.625,30.625,0.048828,0,0,0,0,0,0,0,0,0,0,0,0,0,0,0.024414,0.18311,1.7944,14.026,7.8613,13.171,4.4556,1.9897,2.5757,1.062,1.001,0.36621,0.46387,0.6958,0.20752,0.061035,0.012207,2
25.167,10.033,8.3667,7.1667,10.967,10.833,13.367,20.6,47.633,21.3,14.433,19.667,17.5,17.767,13.767,32.267,41.733,35.2,18.767,31.833,20.3,28.1,12.733,23.6,15.233,14.3,14.5,29.967,19.3,25.2,12.4,10.333,39.567,20.533,20.767,17.9,15.4,14.233,9.1,21.5,80.933,40.767,20,39.133,41.067,27.333,18.833,36.8,90.933,47.9,31,45.233,41.2,32.567,15.533,36.367,25,18.733,25.933,47,38.5,31.833,14.9,11.8,34.167,24.5,21.367,23.167,24.367,19.6,7.9,19.3,82.267,37.633,23.633,36.833,49.3,29.3,15.667,40.967,88.467,39.8,17.6,28.233,44.5,41.067,26,55.5,22.133,12.167,20.067,39.067,50.467,40.033,24.733,21.133,26.567,16.8,16.4,14.6,22.167,16.467,12.6,26.033,36.433,26.7,20.4,22.4,33.367,22.333,16.767,27.933,39.967,21.567,16.533,16.6,24.7,21.833,24.333,41.133,15,12.367,14.933,23.1,30.867,26.567,23.633,19.6,0.5127,0.26855,0.54932,0.84229,0.3418,0.81787,0.097656,0.048828,0.048828,0.036621,0.12207,0,0.012207,0.036621,0.061035,0.25635,0.43945,0.68359,0.95215,1.9409,16.858,11.792,5.0171,2.8564,1.5137,1.0254,0.85449,0.58594,0.45166,0.50049,0.43945,0.036621,2
10.5,15,9.2727,12.773,29.591,29.591,9.1818,9.0909,48.227,40.409,18.682,10.273,19.227,24.727,18.727,30.227,57.727,56.227,40.909,19.5,16.591,15.227,12.227,32.318,19.5,34.136,34.364,27.955,25.909,21.545,15.318,15.409,28.091,11.727,9.1818,18.045,33.591,31.591,18.591,30.136,88.682,57.409,13.636,16.273,33.818,31.045,18.545,42.273,84,55.182,31.636,21.636,21.5,20.773,24.682,44.864,21.545,27.909,35.591,29.636,40.727,38.636,29.045,21.955,35.364,13.909,11.364,17.136,24.091,21.636,19.591,26.136,90.5,36.773,18.773,16.682,24.818,22,19.682,58.227,80.682,36.591,11.182,12.364,25.318,32.318,43.909,57.727,27.455,20.136,13.909,19.682,44.455,53.5,41.818,30.091,31.227,21.273,10.182,11.818,15.864,8.6818,6.6364,11.136,39.227,38,17.182,14.955,21.591,13.545,14.864,20.636,35.455,22.455,15.045,15.727,20.5,28.591,35.409,38.773,23.5,17,11.364,9.8636,19.273,34.5,35.455,30.682,0.91553,3.2593,1.9043,0.68359,0.3418,0.24414,0.15869,0.14648,0.13428,0.18311,0.1709,0.25635,0.31738,0.62256,1.2817,7.4219,22.632,6.2744,1.1719,0.40283,0.3418,0.061035,0.10986,0.048828,0.061035,0.061035,0.048828,0.10986,0.1709,0.14648,0.25635,0.061035,2
32.75,23.875,17.875,18.5,12.75,9.875,19.375,18.625,61.625,30.375,18.125,12.875,8.75,10.75,23.75,29.125,38.625,37.75,28,17.625,5.875,5.375,17.375,21.75,19.875,15,27.75,19.875,20.75,11,14.75,14.375,27.125,31,24.875,45.375,49.375,33.125,19.875,14,102,50.375,23.625,17.875,20.875,13.5,16,35.625,64.375,51.125,28.75,29.5,25.625,18.875,21.75,36.5,24.375,32.125,41,25,19,24.5,23.5,26.875,39.75,48.125,39.375,50.5,34.75,32.125,13,13.5,86.25,50.75,50,37.5,18.5,15.875,20.5,47.125,78.625,39,30.75,32,35.125,39.25,38.375,55.125,35,31.5,35.875,32.75,32.5,25.625,29.25,36.25,34,42.625,33.625,34.875,17.875,6.75,3.75,7.25,36,41.625,45.75,52.25,32.5,13.625,7.5,29,54.5,27,35.75,40.125,25,20.125,24.625,43.875,22.25,12.25,24.875,24.125,22.25,30.75,41,35.125,0.31738,0.50049,1.7578,6.1646,6.1523,1.8555,0.67139,0.26855,0.1709,0.19531,0.10986,0.085449,0.18311,0.14648,0.30518,1.123,7.605,7.4585,7.4341,6.2134,0.29297,0.14648,0.1709,0.061035,0.048828,0.061035,0.048828,0.048828,0.048828,0.14648,0.1709,0.036621,2
18.333,8.2778,11.722,9.1111,12.778,6.7222,12.111,15.722,40.944,22.5,22.444,17.778,11,11.667,12.389,18.722,62.889,36.667,26.278,17.833,15.111,5.4444,5.8889,18.056,14.944,17.444,21.611,22.667,25.389,7.1111,1.1667,7.1667,39.444,12.611,16.056,9.3889,15.222,17.667,16.5,31.889,104.94,39.667,16.889,11.611,18.667,21,23.056,40.389,92.111,49.778,28.556,26.722,20.333,13.333,14.833,32.278,27.667,25.889,22.778,26.889,29.889,15.944,9.7778,15.833,40.778,26.167,27.556,14.111,14.556,15.889,13.278,21.667,106.06,35.056,25.167,17.889,16.389,14.944,18.667,39.833,115.33,61.056,28.667,17.889,12.444,15.222,24.5,42.667,37.444,32.833,31.833,19.5,22.722,20.5,17.056,19.611,17.611,28.389,36.389,13.778,5.7222,13.611,9,10.611,65.5,31,39.167,23.222,5.3889,12.5,9.8333,26,99.722,46.278,31.278,20.722,7.5,12,14.833,46.722,27.278,27.333,29.778,23,11.222,12.278,18.778,23.5,2.8442,6.311,12.585,12.402,2.9053,1.5747,0.25635,0.24414,0.12207,0.061035,0.097656,0.073242,0.14648,0.18311,0.15869,0.12207,0.073242,0.15869,0.23193,0.45166,2.124,1.2573,0.63477,0.36621,0.50049,0.5249,0.47607,0.40283,0.61035,0.80566,1.1597,0.13428,3
9.875,9.375,15.875,21.5,32,20.5,10.125,15.375,30.125,32.062,27,23.125,24.875,13.75,9.5,13.812,38.5,32.375,33.75,35.25,12.812,10.625,24.625,25.375,25.688,29.125,25.5,29.312,8.5,16.062,29.625,30.062,31.5,16.438,16.5,14.312,22.312,30.688,26.375,35.312,68.562,39.688,33.625,25.5,40.938,34.25,31.812,39.75,90.75,60.5,53.562,46.062,31.438,21.188,15.75,31.938,26.125,34.75,44.812,56.938,43.438,26.312,18.312,20.062,31.5,12.188,13,25.438,16.5,9.25,23,39.125,67.625,19.312,17.375,25.562,37.5,27.188,43,55.25,96.25,47,15.062,15.188,34.812,41,40.188,53.062,32.688,31,17.625,29.188,51.312,43.812,33.75,25.125,10.625,14,13.625,15.688,10.75,14.875,18.75,16.875,31.938,19.375,20.688,20.25,7.9375,10.75,23.375,31,41.062,22.812,18.562,19.188,25,18.312,19.812,25.375,26.062,21.625,6,10.375,20.375,18.625,23.188,20.062,1.0376,1.0864,14.709,10.144,6.3232,5.0903,2.7588,2.1973,1.7456,1.0254,0.97656,0.76904,0.39062,0.28076,0.30518,0.20752,0.23193,0.13428,0.097656,0.24414,0.036621,0,0.10986,0,0,0,0,0,0.061035,0,0.024414,0.012207,3
27.583,20.583,5.5,2.5833,3.3333,15.167,7.75,6.5,67.667,36.167,8.9167,4.9167,6.25,15.667,14.167,28.583,69.167,45.167,23,29.417,11.833,11.833,10.25,33.417,22.167,11.583,32.167,28.75,12.333,22.917,11.083,18.583,33.75,20.917,8.25,3.6667,3.0833,14.25,15.917,19,104.17,45.667,21.667,9.75,4.1667,13.417,23.333,31.417,116.08,46.25,41.417,30.583,6.8333,23.833,24.417,40.25,38.333,10.75,67,63.417,3.4167,38.583,32.333,30.667,29.583,17.25,16.333,14.833,2.1667,7.0833,10,15.333,99.25,51,24.333,10.167,2.75,9.6667,15.417,31.5,107.33,36.25,27.667,18.333,9.8333,26.833,26.5,46.417,54.833,13.5,37,48.5,4.3333,33.083,29.917,23.75,12.75,14.083,8.25,6.0833,0.33333,2.0833,11.667,10.333,45.5,40.417,14.25,7.5,1.3333,6.4167,9.5833,16.167,72.333,21.25,13.667,5.5,4.3333,19.667,14,28.833,39.917,7.6667,8.9167,8.4167,2.5833,17,9.25,29.5,7.1899,2.3315,9.7168,16.797,3.6255,1.6846,0.57373,0.93994,0.3418,0.56152,0.58594,0.20752,0.354,0.76904,1.5869,1.1719,0.42725,0.28076,0.21973,0.20752,0.21973,0,0.024414,0,0,0.012207,0.036621,0.024414,0.012207,0.012207,0.061035,0.024414,3
17.318,9.9545,5.5455,7.6364,18.364,16.727,10.318,6.9091,61.045,32,14.5,13.045,24.682,10.273,6.4091,22.273,54.818,56.682,35.682,8.6818,12.591,3.8636,7.0909,14.636,26.318,26.091,36.636,15.864,9.8182,10.091,13.636,7.3182,27.955,19,8.6364,13.955,13.591,22,18.773,7.6364,97.045,51,17.818,17.136,26.727,22.864,17,38.727,100.68,64.318,36.955,10.273,16.636,12.818,21.591,46,23.636,27.364,44.409,23.136,25.227,20.591,21.455,12.682,33.5,13.727,5,9.0455,12.227,12.091,16.636,11.364,92.727,40.364,26.773,16.364,20.864,16.364,23.318,48.136,94.364,37.045,24.045,8.8182,13.091,22.636,48.773,69,25.818,9.5455,14,12.364,13.955,21.136,43.091,44.636,31.409,19.682,15.727,8.4091,7.7727,2.2727,3.7273,10.227,45.773,32.409,20.227,12.455,10.818,7.4091,20.136,25.045,42.864,13.591,10.273,9.1818,10,10.182,36.455,39.864,19.545,2.6818,7.6818,5.7273,4.2727,12.636,31.273,34.409,1.5625,2.2705,8.6304,5.7617,1.0498,0.6958,0.29297,0.24414,0.036621,0.024414,0.085449,0.024414,0.085449,0.15869,0.19531,0.21973,0.13428,0.40283,1.3672,15.796,5.0171,1.3672,0.81787,0.42725,0.23193,0.28076,0.54932,0.41504,0.5249,0.41504,0.79346,0.12207,3
14.769,24.923,22.308,15.769,9.1538,14.462,9.1538,7.9231,49.846,37.846,13.692,8.9231,16,16.692,20.923,28.462,45.846,36.231,14.462,11.462,15.385,10.385,16.154,16.538,44.769,38.769,17.308,10.846,4,2.7692,7.8462,14.308,39.154,25,11.846,22.154,23.615,25.692,25.385,21.462,79.308,35.154,7,29.923,34.692,39.692,44.231,38.846,97.615,54.385,16.692,5.4615,15.154,12.462,28.846,58.769,46.615,28.923,16.538,5.1538,7,9.3846,11.538,21.692,29.615,22.077,15.231,12.692,20.462,32.769,22.846,18.231,76,35.385,34.923,31.385,29.923,31.385,17.462,29.308,103.62,68.846,33.846,8.0769,14.923,16.538,23.923,45.385,43.692,30.615,10.692,4,9.5385,15.385,18.692,25.538,22.538,15.462,6.9231,8.6923,10.538,14.231,29.154,26.692,71.308,21.615,11.077,3.6923,20.615,13.231,12.538,42.923,64.308,26.231,7.5385,1.5385,14.462,19.846,25.154,33.846,28.692,13.923,6.7692,0.46154,5.8462,17.462,29.692,30.769,1.9409,0.13428,0.90332,9.8999,5.6274,2.8931,5.9937,3.418,0.5249,0.18311,0.23193,0.24414,0.19531,0.36621,0.20752,0.20752,0.085449,0.28076,0.5127,2.6489,12.744,0.15869,0.036621,0.32959,0.012207,0.073242,0.085449,0,0,0.036621,0,0.024414,3
32.833,38,9.5556,7.9444,10.278,4.6111,4,6.6667,67.389,46.611,17.889,7.0556,9.9444,7.8333,9.3889,26.389,66.389,40.833,13.278,14.944,18.333,11.278,12.833,41.5,33.667,14.222,8.8333,14.5,27.944,20.056,13.667,22.722,61.778,31.278,6.9444,8.1667,16.889,9.6111,8.8333,13.333,117.06,59.5,12.389,8.3333,24.444,16,13,23.333,82.5,37.444,20.722,24.944,39.556,16.444,16.5,34.167,42.889,22.389,21.167,15.944,43.056,27.389,10.333,17.667,73,27.111,12.222,7.1667,17.722,8.6667,5.3333,16.556,114.61,32.778,16.278,9.8889,25.833,13.778,8.9444,49.5,91.444,28,8.8889,18.167,46.667,21.778,18.333,46.167,34.056,12.278,7.7778,12,48.056,33.944,21.111,31.5,53.833,15.056,9.5,9.6111,15.889,7.2222,2.4444,11.333,91.722,26.889,10,7.5556,11.444,9.0556,7.6667,29.389,66.778,23.556,4.5556,13.111,40.611,13.889,12.389,26.333,19.111,11.722,6.5556,11.778,34.667,22.389,17.556,14.944,2.7954,0.097656,1.355,6.0059,7.251,3.0273,1.2695,1.2451,0.80566,1.001,0.93994,0.85449,0.96436,1.001,1.1353,1.0376,1.0254,1.6846,3.5767,6.8115,5.1147,0.39062,0.073242,0.30518,0,0.024414,0.036621,0,0,0.13428,0.012207,0.024414,3
25.231,21.077,25.154,12.154,17.154,10.769,3.8462,10.692,60.231,25.385,21.538,10.923,13.538,19.385,19.154,26.538,70.231,38.923,32.692,16.923,7.7692,27.462,15.923,25.077,39,29.231,21.692,16.154,16.308,20,8.4615,14.308,18.231,9.8462,17,20.154,32.385,26.231,12.154,9.3846,85,21.308,11.769,17,32.462,40.385,29.846,35.846,104.46,34.077,14.077,25.615,17.231,34.615,18.769,45.385,66.923,24.769,8.3846,19.462,28.385,26.308,15.615,13.077,15.308,15.769,16.846,30.231,39.308,41.769,13,6.3846,74.538,35.308,14.769,27.385,19.538,34.538,31.692,36.538,105.31,32.923,8.1538,20.077,16.615,28.231,21.308,42.385,47.692,9.6923,14.231,30.462,27.462,24.231,13.538,15.385,20.231,11.923,13.846,30,28.615,28.462,8.1538,12.846,31.385,20.692,11.308,38.923,27,15.462,23.154,22.462,50.538,24.462,7.0769,10.077,8.0769,12.231,17.385,31.308,36,8.4615,7.3846,16.692,5.7692,17.615,9.3077,12.308,1.5869,1.3062,1.2817,0.024414,0.036621,0.036621,0.036621,0.024414,0.036621,0.012207,0.061035,0.085449,0.13428,0.10986,0.19531,0.41504,2.2705,4.3213,6.9458,11.011,10.864,2.6733,1.6846,0.98877,0.67139,0.43945,0.10986,0.70801,0.40283,0.53711,0.65918,0.32959,3
24.438,34.5,26.75,5.5625,11.688,7.1875,16.375,24.75,48.25,31.625,16.312,18.312,22.062,17.75,12.5,24.938,71.062,45.812,15.25,12.25,33.938,15.188,10.812,27.438,38,20,29.75,21.438,29.938,14.125,15.25,18.938,34.562,26.938,15.625,6.5625,16.875,21.312,30.125,29.5,84.625,39.312,16.938,19.688,28,39.875,35.938,35.188,109.12,52.688,20.375,30,33.562,16.75,22,44.875,36.438,26.812,28.25,26.375,34.375,14.125,24.688,28.312,23.5,34.625,22.812,11.625,21.562,20.562,19.688,15.688,79.688,47.062,28.125,26,25.812,24.438,26.5,32,116.56,45.125,23.312,16.062,18.938,18.562,38.875,57.875,41,31.562,17.125,10.812,28.125,23.062,32.562,30.375,17.188,36.625,18.938,9.75,12.812,25.75,15.312,8.4375,38.188,37.875,24.188,15.5,23.125,22.312,14.25,16.188,61.562,34.688,12.688,13.562,19.562,15.625,19.812,36.375,50.5,33.938,15.188,10.75,18.25,14.438,14.062,23.312,0.31738,0.67139,4.3579,7.959,3.54,2.4658,1.4526,1.0864,0.64697,0.65918,0.92773,0.63477,1.7578,1.8799,2.0386,2.0142,2.3193,2.0264,4.6509,5.3711,1.1841,0.72021,0.1709,0.097656,0.15869,0.14648,0.048828,0.1709,0.23193,0.073242,0.097656,0.12207,3
31.889,12.556,6.1667,18.556,34.611,24.167,14.889,21.222,78.889,27.444,10.389,10.889,31.278,24.833,14.444,33.056,67.222,38.556,14.111,18.722,52.944,21.389,7.3889,23,31,15.111,11.556,12.889,49.278,18.167,3.3333,14.889,42.833,12.278,13.5,37.167,47.444,19.944,18.333,22,104.89,39.111,8.5,17.444,43.833,26.778,14.5,29.944,89.056,34.611,12.278,25,65.778,27.5,7.6111,28.611,30.389,14.5,9.1111,18.944,51.778,23.278,6.5556,17.167,45.389,27.5,12.5,20,46.5,18.056,6.8333,24.667,109.11,29.833,11.667,26.167,50.278,18.278,7.8333,35.722,86.333,25.167,5.5556,19.444,63.222,39.444,13.833,31.556,29.278,9.1111,3.5556,13.722,44.444,26.778,12.5,19.667,31.556,21.889,13,11.556,33.444,14.333,6.6111,14.778,75.5,15.167,7.3889,16.889,32.167,18.667,8.5556,29.722,54.278,13.333,6.8333,15.889,43.111,27.333,12.333,29.556,19.167,10,3.7222,11.611,33.222,14.611,8.3333,8.6667,0.76904,0.83008,2.3682,4.3457,0.95215,0.36621,0.1709,0.18311,0.15869,0.1709,0.21973,0.012207,0.13428,0.085449,0.1709,0.14648,0.73242,1.3916,17.163,11.23,5.2612,1.0254,0.43945,0.26855,0.21973,0.23193,0.036621,0.18311,0.1709,0.097656,0.20752,0.25635,3
35.818,10.182,4.1818,14.364,14.364,8.9091,3.8182,23.364,59.727,8.5455,2.6364,10.636,16.909,7.4545,11.091,52.273,80.636,15.727,2.9091,4.4545,19,9.7273,19.727,47,49.636,16.818,4.4545,3.2727,13.545,6.4545,16.636,22.455,60.091,6.0909,1.5455,25.273,30,8.6364,7.2727,20.727,92.727,32.455,3.8182,18,22.818,12.091,11.545,37.364,120.27,52.455,14.636,15.636,17.273,3.2727,4.7273,42.455,64.455,47.182,14.818,13.364,26.455,1.9091,2.5455,32.545,49.545,17.091,0.81818,24.636,33.727,7.4545,2,22.273,104.09,27.545,2.0909,11.364,23.909,13.364,2.1818,38.727,129.27,55.273,1.7273,3.9091,19.909,11.636,1.9091,43.909,77.182,33.909,2.0909,8.1818,29.455,8.1818,1.3636,34.091,19.818,9.2727,5.3636,21.091,31.545,6.3636,0.63636,13.182,65.818,14.091,1.8182,14.909,21.182,3.9091,1.5455,23.636,99,25.364,1.0909,6.4545,14.636,3.7273,3.7273,48.091,48.727,12.455,0.81818,4.2727,17.182,5.9091,4,22.909,2.7466,4.2358,8.7036,2.9297,1.3062,1.4648,1.0498,0.50049,0.19531,0.26855,1.2573,0.15869,0.67139,1.3672,1.062,3.3325,5.6274,4.6387,2.5146,1.4771,1.2817,0.1709,0.28076,0.15869,0.28076,0.097656,0.20752,0.30518,0.29297,0.41504,0.78125,0.21973,3
23.25,8.6667,15.75,7.0833,17.333,5.6667,2.25,8.3333,50.667,13.583,10.167,9.8333,29.333,10.167,7.5,17.917,69.75,16.833,10.583,3,10.75,8.25,14.417,29.333,37.417,14.333,18.5,2.75,7.5,11.5,12.333,7.9167,58.25,12.583,13,9.0833,26.75,13.417,7.0833,15.667,91.417,28.667,6.9167,17.417,59.5,33.417,18.333,22.083,133.92,40.417,4.9167,2.5833,33,31.333,14.75,31.583,58.75,29.667,24.5,2.4167,26.5,15.083,10.083,16.417,58,13.833,4.3333,4.5,22.833,13.083,28.583,22.417,94.833,26.417,8.75,17.833,48.5,26.667,29.083,50.583,110.83,28,9.75,5.6667,20.167,28.917,45.917,68.583,46.333,17.917,6.5,1.0833,30.417,22.667,44.833,37.167,28.583,14,2.9167,2.6667,13.25,7.1667,18.667,12,50.25,36.333,8.5833,4.75,21.917,12.75,15,12.583,50.333,31.167,21,4.0833,6.25,4.3333,24.083,22.667,11.667,16.25,27.417,2.75,14.667,8.1667,32.083,16.25,0.085449,0.085449,1.062,2.0752,2.2583,2.5146,1.9043,1.8555,1.7212,1.9409,1.3916,0.53711,0.54932,0.61035,0.45166,1.0986,6.311,20.215,2.2583,0.21973,0.30518,0.073242,0.073242,0.048828,0.073242,0.024414,0.048828,0.012207,0.085449,0.061035,0.036621,0.012207,3
24.9,11.9,2.5,5.35,10.3,13.8,26.75,32.9,60.45,16.75,7.5,9.15,17.25,9.55,21.5,54.5,50.65,26.85,16.2,19.4,33.35,13.75,6.6,37.3,25.3,26.25,11.95,13.15,23.35,13.4,11.7,12.4,28,13.05,9.5,10.45,17.75,14.5,28.2,32.05,118.4,27.95,15.9,14.4,18.5,5,22.1,72.2,100.4,33.3,11.85,23.8,45.55,15.9,9.05,48.8,33.3,24.8,14.35,16.35,25.7,26.4,8.95,11.5,31.4,20.4,18.45,18.85,14.65,12.8,11.4,9.6,116.6,50.8,18.35,20.05,16.6,7.7,12.25,33.35,105.35,47.2,12.55,22.3,39.35,23.75,7.25,35.5,21.7,21.65,22.4,12.5,18.7,28.5,12.4,11.9,20.8,15.15,21.15,21.45,6.15,7.45,11.15,9.8,79.75,39.85,17.55,20.55,6.75,5.45,13.6,33.3,82.2,25.4,13.15,13.05,8.8,11.75,9.9,45.7,13.85,14.25,21.35,14.95,11.1,12.3,5.75,8.5,2.0996,4.0283,6.7139,0.36621,0.012207,0.012207,0,0,0,0,0,0,0,0,0,0.012207,0,0.024414,2.2217,13.611,9.0698,2.771,1.7578,0.96436,0.56152,0.75684,0.64697,0.46387,0.80566,1.001,1.709,0.39062,3
26.417,5.9167,3.3333,9,11.833,13.083,5.6667,30.167,36.167,8.5833,4.25,14.917,35.417,26.083,16.333,38.75,42.5,20.583,14.583,10.583,21.25,16.333,16.5,31.083,12.917,14.417,15.667,8.25,4.9167,6.25,5.5,6.1667,37.333,18.25,6.5833,20.917,26.417,30.583,9.5,20.917,83.5,40.583,9,35.167,59.083,45,27.5,38.167,122.33,52.083,23.25,21.417,22,18.25,14.083,50.667,25.833,16.333,17.5,16.333,7.6667,6.3333,9.4167,9.5833,32.083,19.333,16.083,26.833,41,31.25,14.083,19.75,85.25,33.583,15.583,45.833,65.667,33.917,18.75,54.333,128.92,41,10.583,14.75,28.583,15.667,16.667,68.667,32.75,11.667,8.9167,10.5,11.75,15.667,16.833,28,17.25,15.167,6.9167,16.917,41.917,20.75,5.25,11.25,43.167,27.75,11.833,15.5,32.417,15.75,12.833,36.917,60.083,26.833,9.9167,8.25,17,4,11.167,56.417,26.25,15.083,3.9167,3,3.9167,3.5,7.75,34.417,0.73242,1.2329,7.8125,5.3589,1.5991,1.0376,0.65918,0.53711,0.48828,0.40283,0.65918,0.097656,0.47607,0.5127,0.68359,0.54932,1.3428,1.9897,5.3467,14.722,2.5269,0.32959,0.15869,0.061035,0.14648,0.097656,0,0.15869,0.036621,0.061035,0.10986,0.073242,3
21.083,14.75,16.167,11.167,19.75,10.5,16.167,22.833,53.917,20.333,8.5,7.5,5.3333,12.083,37.75,60.083,41.5,16.75,29.333,8.75,6.0833,16.583,31.917,51.167,17.833,9.3333,33.583,11.917,8.3333,4.9167,5.5,20.917,15.667,11.917,18,19.167,18,19.167,25,19.083,63.667,30.583,18.75,19.417,14,28.75,57,60.417,118.92,39.417,12.667,9.3333,5.75,13.75,46.917,88.833,37.25,15.083,21.25,12.833,8.4167,2,19.667,29.75,13.333,18.667,15.25,18.5,19.167,24.583,14.417,14.917,73.833,42.25,27.5,22.5,22,29.583,25.417,35.5,102.92,76.417,23.083,5.6667,5.3333,20.333,33.917,58.083,36.167,13.917,9.5,7.8333,12.75,17.083,40.25,38.083,8.25,28.083,29.167,22.583,7.5,17,12.833,14.083,38.583,33.75,36.167,29.417,12,13.167,10,19.417,70.583,26.083,20.583,10.5,8.75,13.667,25.167,46.667,23.333,11.25,16.917,14,8.3333,26.167,41.75,37.25,0.12207,0.26855,0.36621,0.46387,0.5249,0.41504,0.46387,0.47607,0.37842,0.61035,0.70801,0.83008,1.5991,2.6001,4.0771,6.4819,6.0669,3.5034,5.1147,7.7515,3.4058,1.5015,0.70801,0.29297,0.31738,0.26855,0.24414,0.10986,0.12207,0.097656,0.036621,0.073242,3
13.4,0.9,0.2,1.2,3.8,9.2,41.6,57.9,26.4,13.6,14.6,16.4,8.3,12.8,37.9,61.3,7.6,6.5,21.2,57.6,30.3,12.5,17.2,20.9,6.8,8.7,44,44.4,15.5,12.4,7.5,6,35.5,2.1,0.2,0.4,1.3,2.7,29.6,68.8,93.3,22.1,3,1.6,4.9,28.5,51.9,78.4,90.3,56.6,29.7,29,36.2,18.3,31.2,54.5,20.3,15.4,34.9,42.2,37.9,24.5,29.9,16.8,36.4,3.3,0.6,0.6,2.3,3.7,17.5,44.9,115.8,27.6,1.6,0.2,1.3,18.5,45.4,65.7,121,64.1,16.7,12.5,27.1,28.1,20.4,74.5,25.6,21,26.7,30.3,37.9,33.6,14.9,21.8,21.6,5.9,0,0,0,0.4,3.6,12.7,69.5,25.1,0.1,0,0.2,1.4,6.1,37.6,78.5,19,1.3,1.6,22.2,22.4,22.3,64.1,32.7,6.8,0.5,3.4,28,21.7,13.7,34.3,0.5127,0.36621,0.097656,0.012207,0.024414,0.012207,0.012207,0.024414,0,0.012207,0,0,0,0,0.012207,0.061035,0.12207,2.3071,7.5073,21.606,14.05,1.7822,0.28076,0.30518,0.24414,0.048828,0.21973,0.061035,0.061035,0.073242,0.10986,0.073242,3
14.417,17.917,27.083,14.083,9.4167,11.917,16.833,10.5,42.75,30.75,23.083,17.833,6.1667,11.75,27.083,27.5,32.833,32.417,38.25,41.667,29.917,21.333,24.5,22.583,10.917,21.583,27,22.75,18,24.667,26.833,10.083,16.5,16,20.25,8.5,15.5,24.583,47.25,21.833,79.833,50.5,23.917,16,18.917,22.25,40.417,48.667,83,43.167,34.083,47.75,55.083,34.417,16.417,40.333,16.333,21.167,31.25,44.917,52.417,35.083,18.25,8.5833,25.583,22.75,36.75,20.417,18.917,21.167,23.167,23.583,83.417,44.667,39.083,22.5,20.833,11.833,23.583,54.25,79.417,43.667,15.083,28.333,59.833,50,37.5,50,24.333,21.167,22.083,34.5,46.333,36.833,24.417,16.417,13.833,28.167,35.333,25.75,10.417,6.0833,12.75,17.833,35.417,33.25,40.417,26.083,14.25,16.667,20.5,33.75,24.083,26.833,27.25,31.5,29.583,29.333,36.833,38.083,12.25,11.75,21.5,27.667,20.333,17.25,32.5,23.5,1.4038,3.6377,3.54,2.3682,0.89111,0.76904,0.29297,0.31738,0.26855,0.20752,0.36621,0.26855,0.31738,0.47607,0.56152,1.0254,1.1597,1.9043,3.4058,12.048,5.9814,2.1118,1.062,0.91553,0.59814,0.59814,0.54932,0.5127,0.72021,0.74463,0.8667,0.10986,3
27.071,15.286,2.6429,6,8.5714,9,4.7143,8.7857,79.143,36.357,17.857,7.2857,5.3571,6.9286,8.0714,38.929,53.357,41.5,30.5,19.286,10.286,13.714,13,26,19.214,25.429,26.357,23.786,21.643,14.5,6.9286,17.857,42.929,21.5,1.4286,3.2857,6.6429,21.429,17.643,16.286,124.07,66.857,25.857,5.1429,2.7857,18.643,15.286,33.214,82,53.357,46.214,39.143,15.143,28.929,22,45.143,21.571,29.286,36.143,26.643,19.571,36.357,23.857,29.357,47,16.214,3.6429,6.2143,4.6429,20,22.786,19.286,120.71,35.357,10,2.2143,1.2857,13.571,38.5,62.857,70.5,34.857,17.643,18.857,20,47,49,47.714,33.214,36.857,26.929,17.571,15.429,44.786,25.643,24.5,17.5,14.143,10.143,10.357,4.8571,3,15.071,14.5,52.357,23.214,5,6.8571,3.2857,3.0714,31.357,45.214,43.571,18.5,6.5,6,9.5,14.286,32.286,45.429,31.571,16.071,10.714,6,10.143,21.857,27.214,36.5,0.30518,0.21973,0.53711,3.3813,5.1514,3.4302,2.0874,1.3184,0.75684,0.76904,0.87891,0.83008,0.95215,1.0376,1.6113,3.4546,4.8584,7.3486,7.666,2.8198,0.25635,0.085449,0.061035,0,0.012207,0.024414,0.012207,0.024414,0.024414,0.012207,0.061035,0.012207,3
8.4545,13.636,3.1818,7.2727,6.1818,9.1818,19.182,11.273,31.091,29.182,15,39.364,31.818,19.455,20.818,22.182,62.909,40.273,12.818,32.182,39.636,24.455,15.545,24.455,27.364,10.455,15.455,27.545,48.182,27,8.1818,13.182,18,23.545,18.909,17.909,4.8182,5.2727,11.636,7.7273,58.273,38.182,19.273,34.364,44.545,40.727,31.727,21.636,102.18,60.455,23.455,38.727,47,24.091,15.818,29.909,24.182,22.364,32,50.818,61.182,25.909,4.5455,6.3636,16.909,17.545,16,32.273,16.273,11.545,13.182,11.455,54.909,33.364,22.364,30.545,56,37.545,11,19.727,117.09,37.273,15.545,23.727,42.455,28.273,18.455,64.364,21.909,8.6364,15.909,35.273,60.182,29,24.636,26.909,15.091,23.273,10.818,17.636,25.545,5.2727,12.182,10.091,32,23.273,10.636,24.182,36.364,13.545,15.091,20,51.091,11.545,12.091,27.091,23,21.091,23.636,40.818,19.091,10.909,11.909,34.727,29.818,15.636,15.636,20.818,1.6846,4.2847,8.6792,10.01,10.327,6.5674,5.4321,1.3184,0.43945,0.30518,0.26855,0.036621,0.036621,0.012207,0.036621,0.036621,0.012207,0,0.024414,0.036621,0.14648,0.036621,0.012207,0,0,0.024414,0.024414,0.012207,0.048828,0.012207,0.12207,0.012207,3
13.083,12.167,12.25,8.0833,5.8333,8.75,20.75,20.25,33.167,28.25,11.25,8.3333,22.667,25.5,32.167,26.833,28.167,27.5,18.083,21.333,45.417,37.917,14.583,17,7.75,8.4167,12.167,11.583,27.167,36.167,18.75,15.583,19.333,17.917,18.667,20.25,26.5,43.083,32.25,20.583,82.333,41.333,10.417,12.5,21.333,47.5,39.917,44.417,67.25,44.417,22.75,42.5,66.417,35,18.167,41.833,23.667,36.75,34.583,37.833,57.417,34.25,11.583,18.167,19.667,15.333,21.833,25.75,26.167,31,31.417,16,93.75,60.583,19.083,14.25,34.25,28.667,18.333,41.833,73.417,52.667,17.583,36.5,73.083,32.167,22,47.583,36.417,35.25,40.083,46,48.167,23.917,21.417,36.25,17.25,29.333,29.333,25.583,10.417,5,10.917,16.583,53.583,57.083,35,29.25,16.917,10.25,11.75,15.833,33.417,38.833,31.333,35.333,36.333,22.167,18.75,33.583,13,11.083,27.5,31.833,28.75,24.083,27.75,28.833,3.2104,4.3579,3.1006,0.74463,0.31738,0.18311,0.061035,0.073242,0.048828,0.061035,0.073242,0.036621,0.073242,0.12207,0.12207,0.25635,0.24414,4.0649,12.268,6.3599,4.0405,1.4648,1.0498,0.84229,0.87891,0.58594,0.75684,0.78125,0.79346,1.062,1.709,0.25635,3
67.444,23.889,1.7778,6,7.4444,5.2222,15.778,9,40.778,12.222,16.778,20.667,30.444,29.222,28.556,35.444,77.111,53.889,22.444,12.778,17.889,16.778,10.222,24.667,40.556,15.889,5.7778,2,9.5556,21.222,20.556,9,68.667,20.333,12.333,14.333,7,19.556,17.111,20.111,87.333,20.556,21,16.222,27.778,51.111,37.556,33.778,124.44,48.889,9.3333,12.556,27.556,19.667,20.778,45.556,38.889,11.778,1,9.6667,37.778,35.778,15.222,12.333,51.889,7.1111,18.111,17.667,14.889,16.333,9.3333,44.111,65.778,28.667,32.111,17,20.667,26,25.111,51.222,112.44,49.222,19.556,9.4444,16.556,24.667,20.444,52.333,30.222,6.7778,16.667,25.778,34.889,43.444,10,16.111,40.444,5.7778,14.333,18,9.8889,5.5556,8,19,40.111,22,21,7.6667,9.7778,17.667,34,38.667,73.667,30.889,10.667,7.3333,6,16,27.444,42.333,15.556,7.2222,14.889,18.556,21.111,27.222,14,9.8889,2.7222,5.127,4.8706,0.93994,0.12207,0.073242,0,0.024414,0,0.061035,0.012207,0,0.012207,0,0,0,0,0,0,0.012207,0.073242,0.91553,1.8066,2.8931,2.9785,3.8208,2.9907,3.4546,5.7617,5.1758,5.6519,0.50049,3
